tta_mode,batch_index,trainable_parameter_count,accepted_count,selected_count,batch_size,accepted_fraction,mean_entropy,loss,updated
head_plus_bn_tta,0,97998,2,2,16,0.125,0.48447710275650024,0.30091482400894165,True
head_plus_bn_tta,1,97998,3,2,16,0.1875,0.46860840916633606,0.29998138546943665,True
head_plus_bn_tta,2,97998,1,1,16,0.0625,0.47852063179016113,,False
head_plus_bn_tta,3,97998,1,1,16,0.0625,0.45516437292099,,False
head_plus_bn_tta,4,97998,3,2,16,0.1875,0.45347434282302856,0.2951034903526306,True
head_plus_bn_tta,5,97998,2,2,16,0.125,0.4733550250530243,0.3111589848995209,True
head_plus_bn_tta,6,97998,2,2,16,0.125,0.4449664354324341,0.28738245368003845,True
head_plus_bn_tta,7,97998,2,2,16,0.125,0.46814650297164917,0.27755486965179443,True
head_plus_bn_tta,8,97998,1,1,16,0.0625,0.475759357213974,,False
head_plus_bn_tta,9,97998,2,2,16,0.125,0.4563663601875305,0.23185625672340393,True
head_plus_bn_tta,10,97998,3,2,16,0.1875,0.4671604633331299,0.2800447940826416,True
head_plus_bn_tta,11,97998,3,2,16,0.1875,0.47360730171203613,0.25702762603759766,True
head_plus_bn_tta,12,97998,3,2,16,0.1875,0.4694143533706665,0.2836913764476776,True
head_plus_bn_tta,13,97998,3,2,16,0.1875,0.47250697016716003,0.2508665919303894,True
head_plus_bn_tta,14,97998,3,2,16,0.1875,0.43838953971862793,0.242955282330513,True
head_plus_bn_tta,15,97998,2,2,16,0.125,0.4528437852859497,0.3165505528450012,True
head_plus_bn_tta,16,97998,2,2,16,0.125,0.4617171585559845,0.32617273926734924,True
head_plus_bn_tta,17,97998,1,1,16,0.0625,0.47346624732017517,,False
head_plus_bn_tta,18,97998,3,2,16,0.1875,0.4705078899860382,0.29359883069992065,True
head_plus_bn_tta,19,97998,1,1,16,0.0625,0.4707178473472595,,False
head_plus_bn_tta,20,97998,2,2,16,0.125,0.4709397554397583,0.24144181609153748,True
head_plus_bn_tta,21,97998,2,2,16,0.125,0.45887115597724915,0.2810015082359314,True
head_plus_bn_tta,22,97998,2,2,16,0.125,0.46496832370758057,0.20789635181427002,True
head_plus_bn_tta,23,97998,2,2,16,0.125,0.47037726640701294,0.2451489269733429,True
head_plus_bn_tta,24,97998,3,2,16,0.1875,0.46174848079681396,0.29619675874710083,True
head_plus_bn_tta,25,97998,5,2,16,0.3125,0.4596497416496277,0.2591087520122528,True
head_plus_bn_tta,26,97998,2,2,16,0.125,0.4687316417694092,0.25783562660217285,True
head_plus_bn_tta,27,97998,2,2,16,0.125,0.4603871703147888,0.24633145332336426,True
head_plus_bn_tta,28,97998,3,2,16,0.1875,0.44947874546051025,0.28414541482925415,True
head_plus_bn_tta,29,97998,4,2,16,0.25,0.4436286389827728,0.2646969258785248,True
head_plus_bn_tta,30,97998,2,2,16,0.125,0.48382243514060974,0.25014209747314453,True
head_plus_bn_tta,31,97998,1,1,16,0.0625,0.46902161836624146,,False
head_plus_bn_tta,32,97998,2,2,16,0.125,0.45792049169540405,0.2723304033279419,True
head_plus_bn_tta,33,97998,3,2,16,0.1875,0.46653711795806885,0.24223969876766205,True
head_plus_bn_tta,34,97998,2,2,16,0.125,0.45089495182037354,0.26536816358566284,True
head_plus_bn_tta,35,97998,3,2,16,0.1875,0.4667162001132965,0.2977726459503174,True
head_plus_bn_tta,36,97998,1,1,16,0.0625,0.4599776864051819,,False
head_plus_bn_tta,37,97998,2,2,16,0.125,0.4668046832084656,0.2514857053756714,True
head_plus_bn_tta,38,97998,2,2,16,0.125,0.47016704082489014,0.3107273578643799,True
head_plus_bn_tta,39,97998,1,1,16,0.0625,0.4675055742263794,,False
head_plus_bn_tta,40,97998,2,2,16,0.125,0.46562883257865906,0.2823830842971802,True
head_plus_bn_tta,41,97998,2,2,16,0.125,0.46695971488952637,0.2571905851364136,True
head_plus_bn_tta,42,97998,1,1,16,0.0625,0.4598156809806824,,False
head_plus_bn_tta,43,97998,2,2,16,0.125,0.4721778631210327,0.2933545708656311,True
head_plus_bn_tta,44,97998,2,2,16,0.125,0.450062096118927,0.2548905611038208,True
head_plus_bn_tta,45,97998,0,0,16,0.0,0.4549753665924072,,False
head_plus_bn_tta,46,97998,1,1,16,0.0625,0.47160831093788147,,False
head_plus_bn_tta,47,97998,1,1,16,0.0625,0.46195030212402344,,False
head_plus_bn_tta,48,97998,1,1,16,0.0625,0.4564529061317444,,False
head_plus_bn_tta,49,97998,2,2,16,0.125,0.4652699828147888,0.31754907965660095,True
head_plus_bn_tta,50,97998,3,2,16,0.1875,0.45235615968704224,0.24853581190109253,True
head_plus_bn_tta,51,97998,2,2,16,0.125,0.46842846274375916,0.29174965620040894,True
head_plus_bn_tta,52,97998,2,2,16,0.125,0.47210004925727844,0.25296080112457275,True
head_plus_bn_tta,53,97998,0,0,16,0.0,0.4528936743736267,,False
head_plus_bn_tta,54,97998,2,2,16,0.125,0.4622805714607239,0.2788581848144531,True
head_plus_bn_tta,55,97998,0,0,16,0.0,0.45630988478660583,,False
head_plus_bn_tta,56,97998,3,2,16,0.1875,0.46462589502334595,0.23872801661491394,True
head_plus_bn_tta,57,97998,1,1,16,0.0625,0.474317729473114,,False
head_plus_bn_tta,58,97998,2,2,16,0.125,0.45448899269104004,0.29062312841415405,True
head_plus_bn_tta,59,97998,3,2,16,0.1875,0.46252185106277466,0.22453635931015015,True
head_plus_bn_tta,60,97998,2,2,16,0.125,0.4852569103240967,0.3015868663787842,True
head_plus_bn_tta,61,97998,1,1,16,0.0625,0.4796238839626312,,False
head_plus_bn_tta,62,97998,2,2,16,0.125,0.46855461597442627,0.23280483484268188,True
head_plus_bn_tta,63,97998,4,2,16,0.25,0.4665490388870239,0.2290063500404358,True
head_plus_bn_tta,64,97998,2,2,16,0.125,0.466840922832489,0.261064350605011,True
head_plus_bn_tta,65,97998,1,1,16,0.0625,0.4744890332221985,,False
head_plus_bn_tta,66,97998,3,2,16,0.1875,0.46238499879837036,0.2928842604160309,True
head_plus_bn_tta,67,97998,1,1,16,0.0625,0.4616003632545471,,False
head_plus_bn_tta,68,97998,2,2,16,0.125,0.46637678146362305,0.23317596316337585,True
head_plus_bn_tta,69,97998,0,0,16,0.0,0.47229695320129395,,False
head_plus_bn_tta,70,97998,2,2,16,0.125,0.4586435556411743,0.3202396035194397,True
head_plus_bn_tta,71,97998,2,2,16,0.125,0.46064430475234985,0.28475111722946167,True
head_plus_bn_tta,72,97998,1,1,16,0.0625,0.44933903217315674,,False
head_plus_bn_tta,73,97998,3,2,16,0.1875,0.46592801809310913,0.2485179305076599,True
head_plus_bn_tta,74,97998,1,1,16,0.0625,0.47594109177589417,,False
head_plus_bn_tta,75,97998,4,2,16,0.25,0.4527910649776459,0.26680660247802734,True
head_plus_bn_tta,76,97998,3,2,16,0.1875,0.4723203182220459,0.23519739508628845,True
head_plus_bn_tta,77,97998,2,2,16,0.125,0.4583408832550049,0.2920811176300049,True
head_plus_bn_tta,78,97998,1,1,16,0.0625,0.4770413041114807,,False
head_plus_bn_tta,79,97998,2,2,16,0.125,0.4673551321029663,0.2251196801662445,True
head_plus_bn_tta,80,97998,1,1,16,0.0625,0.4544617235660553,,False
head_plus_bn_tta,81,97998,3,2,16,0.1875,0.4717453122138977,0.23604372143745422,True
head_plus_bn_tta,82,97998,1,1,16,0.0625,0.46484673023223877,,False
head_plus_bn_tta,83,97998,1,1,16,0.0625,0.45856761932373047,,False
head_plus_bn_tta,84,97998,2,2,16,0.125,0.46024495363235474,0.30710119009017944,True
head_plus_bn_tta,85,97998,3,2,16,0.1875,0.45633235573768616,0.3000457286834717,True
head_plus_bn_tta,86,97998,1,1,16,0.0625,0.45653587579727173,,False
head_plus_bn_tta,87,97998,1,1,16,0.0625,0.4748048484325409,,False
head_plus_bn_tta,88,97998,2,2,16,0.125,0.4411974847316742,0.17924189567565918,True
head_plus_bn_tta,89,97998,1,1,16,0.0625,0.452644020318985,,False
head_plus_bn_tta,90,97998,2,2,16,0.125,0.4726622700691223,0.23699957132339478,True
head_plus_bn_tta,91,97998,2,2,16,0.125,0.4593347907066345,0.24759113788604736,True
head_plus_bn_tta,92,97998,2,2,16,0.125,0.4783170223236084,0.3101438283920288,True
head_plus_bn_tta,93,97998,2,2,16,0.125,0.44499167799949646,0.25433558225631714,True
head_plus_bn_tta,94,97998,1,1,16,0.0625,0.46677789092063904,,False
head_plus_bn_tta,95,97998,2,2,16,0.125,0.47085684537887573,0.3102637529373169,True
head_plus_bn_tta,96,97998,2,2,16,0.125,0.4606572687625885,0.23378007113933563,True
head_plus_bn_tta,97,97998,1,1,16,0.0625,0.462275892496109,,False
head_plus_bn_tta,98,97998,2,2,16,0.125,0.4578949809074402,0.29248031973838806,True
head_plus_bn_tta,99,97998,1,1,16,0.0625,0.45861226320266724,,False
head_plus_bn_tta,100,97998,0,0,16,0.0,0.46728822588920593,,False
head_plus_bn_tta,101,97998,3,2,16,0.1875,0.4480803906917572,0.2938443422317505,True
head_plus_bn_tta,102,97998,2,2,16,0.125,0.46535223722457886,0.2573675215244293,True
head_plus_bn_tta,103,97998,3,2,16,0.1875,0.4694775342941284,0.2809494137763977,True
head_plus_bn_tta,104,97998,2,2,16,0.125,0.47576582431793213,0.2819758653640747,True
head_plus_bn_tta,105,97998,1,1,16,0.0625,0.46912822127342224,,False
head_plus_bn_tta,106,97998,2,2,16,0.125,0.4475932717323303,0.32114309072494507,True
head_plus_bn_tta,107,97998,1,1,16,0.0625,0.46498534083366394,,False
head_plus_bn_tta,108,97998,1,1,12,0.08333333333333333,0.4709561765193939,,False
